mode,tokens_per_sec
fp16,7761.30226066139
global,331.11407064500077
rowwise,247.6408866831301
groupwise,295.5572708024167
