mode,perplexity
fp16,15.008161715407253
global,1840133.318823439
rowwise,31.384528363492688
groupwise,19.994392100433405
